Student_ID,Student_Name,Class_Group,Handphone_Number
24076,Aaron Loh,25/13,82361212
24082,Tay Mingxuan Cory,25/12,81150985
24031,Nguyen Hoang,25/10,81234567
24025,Sim Wen Jie,25/10,81267890
24054,Lydia Tan,25/12,81345678
24089,Arun Kumar,25/13,81234512
24042,Siti Aisyah,25/14,81234890
24071,Sophia Nguyen,25/13,81456789
24023,Boon Kai Sheng,25/12,81156782
24087,Mohammad Rizwan,25/10,81567890
24063,Lim Wei Xiang,25/14,81239012
24095,Joshua Ong,25/13,81236789
24036,Sukanya Prasad,25/14,81346789
24022,Kim Choon Yee,25/10,81349012
24014,Nguyen Thi Mai,25/12,81456712
24055,Pravin Nair,25/13,81567812
24037,Lisa Lim,25/14,81238901
24065,Dylan Koh,25/12,81457890
24018,Anh Tran,25/10,81249023
24093,Cheryl Teo,25/13,81459012
24044,Rajesh Varma,25/14,81247891
24079,Natasha Lim,25/12,81237901
24027,Rahul Reddy,25/13,81578901
24050,Siti Nurhaliza,25/10,81438901
24068,Nguyen Van Binh,25/14,81247823
24041,Kumar Suresh,25/12,81567890
24097,Thida Saravuth,25/13,81438967
24058,Philippe de la Cruz,25/10,81456789
24033,Indira Devi,25/12,81578945
24073,Boon Kai Jie,25/14,81239078
24081,Zhang Wei,25/13,81457890
24021,Tan Yu Wei,25/10,81246789
24064,Amy Lim,25/12,81567834
24056,Pierre Gonzales,25/14,81459023
24099,Chai Ying Xuan,25/13,81567889
24039,Lee Xue Ying,25/10,81438912
24092,Chen Wei Li,25/12,81237912
24084,Sri Rani,25/13,81238912
24053,Kwan Li Mei,25/14,81578923
24088,Prakash Ravi,25/10,81438978
24049,Sara Tay,25/12,81459089
24030,Vivian Tan,25/14,81247812
24085,Tran Minh Quang,25/13,81578901
24067,Rina Ong,25/10,81457812
24024,Tanisha Pillai,25/12,81467890
24047,Liu Ying,25/13,81458901
24057,Nishant Kumar,25/14,81237945
24032,Ali Faisal,25/10,81567812
24096,Yu Hao Ming,25/12,81457834
24061,Chutima Nopparat,25/14,81467890
